{
    "transforms": [
        {
            "translation": [
                -0.02552969107186881, 
                -0.22001196363569803, 
                0.0955831348263767
            ], 
            "child_frame": "target_pick", 
            "rotation": [
                89.75669052110729, 
                0.0196779455695769, 
                177.25742473353515
            ], 
            "parent_frame": "marker_pallet"
        },
        {
            "translation": [
                -0.2739151618113342, 
                0.04583071486569701, 
                0.08763575888848929
            ], 
            "child_frame": "target_place", 
            "rotation": [
                -0.0011807539822034719, 
                0.9984793992081483, 
                0.009907944829671778, 
                -0.05421556793228957
            ], 
            "parent_frame": "marker_station"
        }
    ]
}
